timestamp,name,email,size,color
3:02 PM,Puff,ptournay0@nifty.com,12.0,Orange
1:51 PM,Flemming,frook1@unc.edu,8.0,Orange
10:06 AM,Jessa,jjiroudek2@noaa.gov,9.0,Green
2:34 AM,Toddy,tlimmer3@g.co,9.0,Orange
9:41 PM,Val,vboshier4@ocn.ne.jp,6.0,Orange
5:09 AM,Merrel,moffer5@gnu.org,6.0,Orange
4:44 PM,Buddie,bdoucette6@360.cn,5.0,Orange
5:25 AM,Terrill,ttureville7@cbsnews.com,7.0,Orange
1:46 PM,Mady,mkwietek8@mtv.com,9.0,Green
4:58 AM,Suellen,smcglaughn9@vkontakte.ru,11.0,Yellow
6:33 PM,Jolie,jmebesa@cafepress.com,8.0,Orange
2:53 PM,Anatollo,amurtimerb@dion.ne.jp,9.0,Green
8:12 AM,Beauregard,bmccutcheonc@prlog.org,11.0,Green
10:44 AM,Henderson,hradked@mashable.com,12.0,Yellow
11:24 PM,Delainey,dcrannelle@squarespace.com,6.0,Green
11:06 PM,Mella,mwarrenerf@vinaora.com,11.0,Orange
2:25 PM,Lorette,lminellig@icio.us,11.0,Yellow
4:21 AM,Bobbee,bkipplingh@fda.gov,8.0,Green
10:41 PM,Olga,oventomi@amazon.com,12.0,Yellow
1:44 PM,Kathye,karonowiczj@dropbox.com,7.0,Orange
7:40 AM,Doe,dpeagrimk@technorati.com,12.0,Yellow
11:27 AM,Arlene,aemanuelovl@ted.com,11.0,Orange
6:42 PM,Paola,psterriem@weibo.com,9.0,Yellow
9:18 AM,Maribeth,mpietruszewiczn@shop-pro.jp,8.0,Orange
1:05 PM,Omero,operringtono@tumblr.com,5.0,Green
10:46 AM,Dorian,dmattinglyp@homestead.com,10.0,Orange
5:23 PM,Consalve,ctrobeq@goo.ne.jp,6.0,Yellow
7:48 PM,Devland,delvinsr@pcworld.com,5.0,Green
10:04 AM,Major,mlongeas@umich.edu,7.0,Green
4:16 PM,Gwendolen,gwellesleyt@bizjournals.com,8.0,Orange
9:26 PM,Gibbie,gsparroweu@google.com,5.0,Green
12:11 AM,Ernst,edanielsenv@squidoo.com,7.0,Yellow
4:36 AM,Stuart,stomainow@walmart.com,8.0,Orange
2:29 AM,Blakeley,bcowlardx@google.com.hk,8.0,Green
3:16 AM,Collie,cnibloey@moonfruit.com,7.0,Green
2:15 AM,Bryanty,bgosnellz@paypal.com,11.0,Yellow
7:25 AM,Constantia,cgrayer10@topsy.com,12.0,Orange
4:43 AM,Bennett,bcaudwell11@google.com.au,8.0,Orange
11:01 AM,Dorine,djaggar12@cnn.com,11.0,Orange
3:23 AM,Cherye,cmougel13@blog.com,12.0,Green
7:28 PM,Leah,lgooding14@bloomberg.com,6.0,Yellow
7:55 AM,Fredrika,ffenne15@cloudflare.com,6.0,Green
6:15 PM,Lurlene,lhing16@free.fr,8.0,Yellow
5:40 AM,Lyman,lducarne17@ovh.net,6.0,Yellow
2:35 PM,Karine,ktomasini18@java.com,10.0,Yellow
5:29 PM,Baxy,bsurridge19@cbsnews.com,7.0,Orange
8:40 AM,Josias,jsandford1a@youtube.com,5.0,Orange
3:49 PM,Ebony,etalmadge1b@imgur.com,10.0,Green
6:47 PM,Abbey,ajull1c@com.com,6.0,Green
6:17 PM,Alexia,aklaessen1d@amazon.com,6.0,Yellow
2:53 AM,Farris,fbinne1e@macromedia.com,11.0,Yellow
12:38 PM,Layton,lcolaco1f@photobucket.com,11.0,Yellow
10:54 PM,Tani,tboydle1g@technorati.com,7.0,Green
11:27 PM,Wheeler,wboddis1h@slate.com,6.0,Yellow
6:26 PM,Desirae,dgrewer1i@cnn.com,7.0,Orange
12:40 AM,Karylin,kwhittington1j@nytimes.com,8.0,Green
10:34 AM,Gertrude,gshearn1k@tinypic.com,8.0,Orange
12:10 AM,Abrahan,akillford1l@bandcamp.com,8.0,Yellow
11:05 AM,Sarah,sperchard1m@vk.com,7.0,Orange
10:03 PM,Stephannie,swooland1n@businessweek.com,11.0,Green
8:06 AM,Dulcie,dsentance1o@fema.gov,5.0,Green
9:59 AM,Cristie,csailor1p@kickstarter.com,5.0,Yellow
7:44 PM,Stanislaus,sokenden1q@psu.edu,8.0,Yellow
8:57 PM,Joelynn,jmussettini1r@omniture.com,10.0,Orange
4:38 AM,Veriee,vlittlemore1s@adobe.com,9.0,Orange
9:51 PM,Valaree,vjosovitz1t@unblog.fr,7.0,Yellow
10:13 AM,Towny,tbondley1u@ovh.net,5.0,Orange
3:49 PM,Con,choworth1v@g.co,11.0,Yellow
10:51 AM,Agatha,agreatrakes1w@pagesperso-orange.fr,6.0,Green
9:21 AM,Rainer,rkermitt1x@ehow.com,5.0,Green
2:33 PM,Alessandra,afrend1y@exblog.jp,10.0,Green
2:53 PM,Griffin,gkropp1z@instagram.com,11.0,Yellow
2:14 PM,Hall,hforber20@ed.gov,6.0,Green
11:28 PM,Henrieta,hnaisbitt21@cafepress.com,5.0,Green
5:47 AM,Lisa,lcheel22@slate.com,6.0,Green
8:56 AM,Cole,cwinsom23@rakuten.co.jp,7.0,Green
3:31 PM,Dannye,dspargo24@taobao.com,6.0,Orange
4:48 AM,Daveen,dsoames25@shop-pro.jp,12.0,Yellow
8:30 AM,Durward,dbalfour26@epa.gov,5.0,Orange
6:22 AM,Rosie,rhadgraft27@multiply.com,6.0,Yellow
12:31 AM,Margaretta,mterne28@walmart.com,10.0,Orange
9:08 AM,Zachariah,zdunsmore29@smugmug.com,9.0,Yellow
5:04 PM,Jenny,jfilyukov2a@cornell.edu,9.0,Orange
3:42 PM,Ella,emckeowon2b@usnews.com,12.0,Green
8:53 AM,Gilburt,givanishev2c@marketwatch.com,7.0,Yellow
12:09 AM,Iolanthe,ispring2d@dot.gov,8.0,Orange
5:57 AM,Charisse,cschiersch2e@thetimes.co.uk,9.0,Green
8:09 PM,Barn,blaity2f@meetup.com,11.0,Orange
1:32 AM,Jackelyn,jbrickstock2g@csmonitor.com,9.0,Green
10:28 PM,Arri,ahaythornthwaite2h@nhs.uk,12.0,Green
7:14 AM,Diena,dwheldon2i@squidoo.com,11.0,Orange
1:10 AM,Nicolis,nserot2j@rambler.ru,9.0,Orange
2:17 AM,Rennie,rlinggood2k@godaddy.com,12.0,Orange
8:38 PM,Shellysheldon,sfarrow2l@scientificamerican.com,10.0,Green
12:42 AM,Emmey,ehicklingbottom2m@skype.com,10.0,Orange
1:41 AM,Saxe,sgaffey2n@addthis.com,6.0,Yellow
8:47 PM,Shandra,sattoe2o@mysql.com,9.0,Green
7:33 AM,Clarinda,cbrothwood2p@imdb.com,12.0,Yellow
5:30 AM,Eugenia,enoblet2q@latimes.com,10.0,Yellow
7:51 PM,Hatti,hmckall2r@moonfruit.com,8.0,Orange
6:52 AM,Phaidra,pjoseff2s@sfgate.com,11.0,Yellow
11:28 AM,Floria,fwisby2t@msu.edu,5.0,Orange
11:39 PM,Parker,ptumulty2u@facebook.com,9.0,Green
11:06 AM,Pincas,pkettlewell2v@github.io,12.0,Orange
12:00 AM,Sukey,sgerg2w@usa.gov,11.0,Yellow
3:30 AM,Deanna,dcroxton2x@bloglines.com,12.0,Green
2:03 PM,Ava,asawnwy2y@un.org,11.0,Yellow
1:19 AM,Verene,vkobes2z@ebay.co.uk,7.0,Green
3:05 PM,Doroteya,dedwin30@seesaa.net,9.0,Orange
7:59 PM,Jazmin,jebertz31@thetimes.co.uk,5.0,Orange
2:09 AM,Vivien,vsyers32@accuweather.com,9.0,Yellow
10:01 AM,Palm,pdrewclifton33@ocn.ne.jp,9.0,Green
1:04 AM,Tiff,tcassella34@issuu.com,6.0,Yellow
5:53 PM,Conrad,csilverton35@ask.com,5.0,Orange
7:42 AM,Ranique,rdanbrook36@github.io,8.0,Green
5:27 AM,Zollie,zclother37@geocities.jp,12.0,Yellow
9:46 PM,Lowell,ldonisthorpe38@forbes.com,9.0,Yellow
1:48 AM,Sofie,scakebread39@cbslocal.com,5.0,Orange
8:07 PM,Else,ebenjefield3a@ycombinator.com,5.0,Green
10:24 PM,Gherardo,gtrowl3b@networkadvertising.org,8.0,Yellow
3:53 PM,Kirstin,kwigan3c@i2i.jp,7.0,Green
5:24 AM,Lucina,ltressler3d@creativecommons.org,6.0,Orange
9:42 PM,Nichole,nscanlon3e@deviantart.com,9.0,Orange
11:26 PM,Mari,mmyles3f@chronoengine.com,11.0,Yellow
3:09 PM,Livvie,lchess3g@cloudflare.com,10.0,Orange
7:43 PM,Hillary,hhaysham3h@alexa.com,10.0,Yellow
7:55 AM,Simeon,sulyet3i@comcast.net,12.0,Green
6:25 PM,Witty,wdabnor3j@ucsd.edu,10.0,Yellow
2:08 AM,Violante,vbenedikt3k@about.com,10.0,Orange
5:05 AM,Melina,mstockman3l@networksolutions.com,7.0,Yellow
11:51 PM,Ernst,emilam3m@craigslist.org,9.0,Orange
6:24 PM,Kylie,kmiddlemass3n@uol.com.br,11.0,Green
4:56 AM,Stavro,sescalero3o@scribd.com,6.0,Green
12:57 PM,Vanda,vaslum3p@google.cn,6.0,Green
5:43 PM,Bryon,bsextone3q@prnewswire.com,7.0,Orange
11:59 AM,Glenn,gvairow3r@gizmodo.com,9.0,Yellow
9:56 AM,Frasco,fofairy3s@devhub.com,11.0,Yellow
7:52 PM,Courtnay,cmcginny3t@zdnet.com,11.0,Yellow
10:08 PM,Yolanthe,yfiddymont3u@admin.ch,6.0,Green
10:15 PM,Sheena,scasarini3v@berkeley.edu,10.0,Green
6:30 PM,Eryn,ecorrington3w@hexun.com,12.0,Green
2:23 AM,Esra,eabsolem3x@sfgate.com,9.0,Yellow
12:36 PM,Rudolf,rhouseman3y@so-net.ne.jp,11.0,Green
8:23 AM,Chrystal,cbaulch3z@japanpost.jp,8.0,Orange
10:43 AM,Arleen,acancellieri40@drupal.org,9.0,Green
11:02 AM,Kurt,kcorner41@guardian.co.uk,8.0,Yellow
9:59 AM,Celine,cramshaw42@google.de,6.0,Orange
1:58 AM,Brook,bmaltby43@icq.com,10.0,Yellow
7:38 AM,Phil,pattwell44@vistaprint.com,5.0,Orange
4:38 AM,Dorey,dallsop45@nifty.com,12.0,Orange
5:22 AM,Serge,seberlein46@live.com,5.0,Yellow
8:25 AM,Kale,kvango47@topsy.com,8.0,Green
4:24 AM,Butch,bnise48@weather.com,9.0,Green
8:01 AM,Richmond,ralster49@ft.com,5.0,Green
4:59 PM,Rickie,rdevaney4a@nps.gov,6.0,Yellow
11:36 AM,Elyssa,ebello4b@bizjournals.com,6.0,Yellow
8:24 AM,Mart,mcamis4c@wsj.com,9.0,Yellow
3:58 AM,Nessi,nbigg4d@blogtalkradio.com,6.0,Green
9:15 PM,Glenda,gcamili4e@ning.com,8.0,Orange
5:00 PM,Anselma,atukely4f@amazon.co.jp,5.0,Orange
9:54 AM,Jayme,jebertz4g@rambler.ru,12.0,Green
4:23 PM,Claudian,clazer4h@loc.gov,7.0,Yellow
7:33 PM,Cloe,cjoscelin4i@phoca.cz,6.0,Green
1:28 PM,Terence,tayree4j@bbc.co.uk,7.0,Yellow
8:42 AM,Bobine,bwick4k@diigo.com,9.0,Yellow
8:36 PM,Agretha,awanden4l@multiply.com,9.0,Yellow
3:49 AM,Cece,calgate4m@ask.com,5.0,Green
10:45 AM,Lyman,lslogrove4n@phpbb.com,7.0,Orange
9:03 AM,Elana,ehanwell4o@blinklist.com,6.0,Orange
3:40 PM,Marie,mroizn4p@fastcompany.com,6.0,Orange
4:18 PM,Licha,ldigan4q@umn.edu,12.0,Orange
10:30 PM,Doralin,dhaquin4r@studiopress.com,6.0,Green
10:17 AM,Blayne,bvery4s@booking.com,8.0,Yellow
2:49 PM,Harris,hlidgard4t@mediafire.com,12.0,Orange
1:19 PM,Gib,goxx4u@imdb.com,12.0,Green
3:40 AM,Had,hschuler4v@yelp.com,11.0,Orange
4:09 PM,Constantin,cdaintith4w@mediafire.com,5.0,Green
12:25 PM,Arthur,acasellas4x@weibo.com,12.0,Orange
11:45 PM,Larissa,lhackley4y@theglobeandmail.com,7.0,Green
2:14 PM,Marti,mpullen4z@dailymotion.com,9.0,Yellow
6:19 AM,Boyce,bcoupland50@tripadvisor.com,7.0,Yellow
10:32 PM,Jacquelynn,jcarvilla51@cbsnews.com,8.0,Yellow
9:10 AM,Ronny,rgoode52@networksolutions.com,8.0,Yellow
3:47 AM,Garnette,gmorigan53@w3.org,5.0,Green
2:20 PM,Britta,bdoward54@last.fm,5.0,Yellow
7:30 AM,Melvin,mgilfoy55@merriam-webster.com,9.0,Green
5:46 PM,Kiele,kminall56@comsenz.com,6.0,Orange
10:10 AM,Bethena,btedman57@networkadvertising.org,12.0,Yellow
11:35 PM,Josephine,jlathan58@ifeng.com,5.0,Green
9:14 PM,Janet,jeuston59@amazon.co.jp,12.0,Orange
11:11 PM,Leonhard,lparlot5a@wikipedia.org,11.0,Green
2:57 PM,Suzanna,sdifrisco5b@wix.com,9.0,Green
3:00 AM,Murielle,mszach5c@toplist.cz,6.0,Yellow
8:16 AM,Dagny,dmohammed5d@cafepress.com,8.0,Green
1:49 AM,Burl,bbreslau5e@weather.com,6.0,Green
10:19 PM,Perry,pantcliffe5f@wiley.com,11.0,Green
9:29 PM,Winslow,wlindegard5g@slashdot.org,5.0,Orange
6:22 PM,Barnabe,bvasovic5h@rambler.ru,9.0,Green
7:45 AM,Delmor,dsmeaton5i@pinterest.com,6.0,Orange
8:12 PM,Hedvige,hesposito5j@bloglines.com,8.0,Yellow
7:12 AM,Gwenora,grobison5k@hostgator.com,9.0,Orange
9:03 PM,Brandais,bclunan5l@rakuten.co.jp,6.0,Yellow
11:27 AM,Crystal,csilvers5m@sphinn.com,6.0,Green
10:58 AM,Othelia,obools5n@list-manage.com,10.0,Orange
9:21 PM,Melly,mgateshill5o@booking.com,10.0,Green
2:54 AM,Horatio,hpeatman5p@eventbrite.com,9.0,Yellow
8:29 PM,Randie,rcurrell5q@wikimedia.org,9.0,Orange
5:07 PM,Cyrus,costridge5r@cloudflare.com,9.0,Green
1:42 AM,Nels,nferbrache5s@acquirethisname.com,5.0,Green
12:03 PM,Pearle,pcroney5t@google.nl,11.0,Yellow
11:46 AM,Diane,dmcconaghy5u@geocities.jp,7.0,Green
8:39 AM,Raul,rford5v@mit.edu,9.0,Yellow
4:21 PM,Alfie,avaleri5w@jalbum.net,12.0,Yellow
2:43 AM,Sherye,switten5x@instagram.com,8.0,Yellow
9:53 AM,Skipton,sgenn5y@miibeian.gov.cn,10.0,Green
9:29 PM,Penrod,pcanto5z@is.gd,10.0,Green
9:02 AM,Tristan,tpetty60@cocolog-nifty.com,9.0,Yellow
9:34 PM,Mac,msilversmidt61@google.com,6.0,Green
12:43 PM,Rosabella,rlucian62@cdc.gov,7.0,Yellow
7:12 PM,Ardenia,apochon63@yolasite.com,11.0,Yellow
4:22 PM,Broderic,bhowsam64@cdbaby.com,11.0,Green
3:17 PM,Datha,dboost65@usnews.com,12.0,Orange
7:02 PM,Judye,jheggs66@bbb.org,7.0,Green
12:28 AM,Ibrahim,icooke67@gizmodo.com,6.0,Green
2:04 PM,Berk,bjayne68@usatoday.com,11.0,Green
9:31 AM,Blane,bdoxsey69@ftc.gov,5.0,Orange
4:17 AM,Niel,nhowcroft6a@guardian.co.uk,8.0,Green
10:56 PM,Carmencita,ceadington6b@cnbc.com,8.0,Green
1:47 AM,Siusan,sgrealy6c@senate.gov,7.0,Green
3:41 AM,Nolie,nnetti6d@example.com,9.0,Orange
1:44 AM,Nathalie,nteulier6e@altervista.org,10.0,Orange
10:02 PM,Garret,grossin6f@lulu.com,12.0,Orange
5:03 PM,Tobi,tcattrall6g@cisco.com,8.0,Green
3:21 AM,Annamaria,abilby6h@goo.ne.jp,6.0,Orange
5:22 AM,Cathy,cdronsfield6i@hibu.com,8.0,Yellow
6:16 AM,Alleen,astolworthy6j@hubpages.com,11.0,Green
6:54 PM,Sacha,slillow6k@lulu.com,8.0,Orange
7:43 PM,Arlina,asate6l@ft.com,8.0,Orange
12:16 PM,Nalani,nwandrey6m@npr.org,7.0,Yellow
7:03 AM,Ryley,rfritchly6n@statcounter.com,6.0,Yellow
12:09 AM,Eloisa,ehartman6o@fc2.com,12.0,Orange
3:34 AM,Gorden,gjendrusch6p@ebay.co.uk,9.0,Green
1:37 PM,Elwood,egiorio6q@bluehost.com,5.0,Orange
3:56 AM,Alisun,allorente6r@newsvine.com,5.0,Yellow
8:19 PM,Deloris,dadamovitz6s@photobucket.com,10.0,Orange
8:19 PM,Baron,bjankovic6t@pagesperso-orange.fr,8.0,Orange
12:43 PM,Torry,tperillio6u@google.com,12.0,Orange
12:35 PM,Giulio,gboler6v@t-online.de,8.0,Green
12:14 AM,Melisse,mmckeran6w@technorati.com,10.0,Green
3:42 PM,Hillary,heginton6x@gravatar.com,7.0,Yellow
6:24 AM,Erhart,ederham6y@si.edu,7.0,Yellow
10:07 PM,Danella,dlengthorn6z@walmart.com,12.0,Yellow
10:51 AM,Sullivan,sanster70@acquirethisname.com,8.0,Yellow
8:56 AM,Tod,tpostlewhite71@wiley.com,7.0,Yellow
4:09 AM,Lindsey,lsneller72@mozilla.org,11.0,Yellow
2:59 AM,Carry,clett73@blogs.com,11.0,Orange
6:29 AM,Jena,jsteele74@cpanel.net,7.0,Yellow
10:29 PM,Caresa,cboscott75@auda.org.au,8.0,Orange
7:06 AM,Humfried,hlabbe76@mediafire.com,11.0,Orange
1:36 PM,Nalani,nvanarsdale77@linkedin.com,8.0,Green
6:57 AM,Siffre,spepall78@artisteer.com,8.0,Yellow
4:45 PM,Nickola,nlearmouth79@hubpages.com,10.0,Green
11:03 AM,Amalle,ahouson7a@techcrunch.com,11.0,Yellow
10:48 AM,Bond,bhehl7b@usda.gov,5.0,Green
12:33 AM,Deina,dthurlow7c@upenn.edu,6.0,Green
10:44 AM,Demetris,dtincknell7d@uol.com.br,12.0,Yellow
7:20 AM,Beitris,badriano7e@princeton.edu,9.0,Green
2:54 PM,Fletcher,fcotillard7f@uol.com.br,10.0,Orange
9:31 AM,Fan,fvela7g@fastcompany.com,5.0,Orange
2:28 AM,Avrom,aashmore7h@parallels.com,6.0,Orange
8:06 AM,Adamo,aerington7i@alexa.com,9.0,Yellow
7:27 AM,Trumann,tsiney7j@acquirethisname.com,6.0,Orange
9:48 AM,Mariejeanne,msandars7k@umn.edu,7.0,Orange
7:45 AM,Bernardine,blamb7l@usda.gov,8.0,Green
11:41 AM,Jason,jasher7m@ning.com,11.0,Orange
8:34 AM,Chandra,csibthorp7n@abc.net.au,7.0,Green
3:21 PM,Jordan,jbarff7o@meetup.com,9.0,Yellow
7:13 PM,L;urette,ljeannesson7p@cornell.edu,6.0,Orange
7:35 AM,Nestor,ncairns7q@wufoo.com,6.0,Green
12:29 PM,Stephi,shearn7r@cornell.edu,6.0,Green
2:16 PM,Merv,mbrecken7s@washington.edu,10.0,Yellow
9:55 PM,Datha,dsare7t@pinterest.com,12.0,Orange
5:30 PM,Reeba,rminard7u@nifty.com,12.0,Orange
11:58 PM,Bryan,bshear7v@irs.gov,11.0,Yellow
10:11 AM,Thea,tsmardon7w@bravesites.com,7.0,Orange
1:44 AM,Sansone,smcgettigan7x@bbb.org,9.0,Yellow
12:05 PM,Stephenie,scrocetti7y@edublogs.org,7.0,Orange
4:04 PM,Colin,chaughian7z@techcrunch.com,6.0,Orange
3:31 AM,Flint,friveles80@adobe.com,10.0,Yellow
5:09 PM,Katti,kvine81@cdc.gov,6.0,Green
4:18 PM,Andriette,awharf82@prweb.com,11.0,Yellow
4:04 AM,Isabel,ifarrin83@adobe.com,11.0,Orange
2:06 PM,Maye,mkarpman84@cbslocal.com,12.0,Orange
3:34 AM,Simonette,spaslow85@studiopress.com,7.0,Orange
3:52 AM,Ahmad,aclaxson86@auda.org.au,10.0,Yellow
6:19 PM,Darcy,dbainbridge87@slashdot.org,9.0,Yellow
2:38 PM,Greg,gpinckstone88@arstechnica.com,12.0,Orange
5:42 PM,Calvin,cmcclintock89@answers.com,5.0,Yellow
10:29 PM,Jeremy,jscraney8a@naver.com,9.0,Yellow
3:00 PM,Ainslee,athormwell8b@drupal.org,12.0,Yellow
1:04 PM,Shoshanna,sselburn8c@scribd.com,10.0,Orange
1:34 PM,Jacquenette,jrevill8d@wufoo.com,12.0,Yellow
11:21 PM,Gates,gmakey8e@trellian.com,11.0,Orange
4:46 AM,Gerrard,gharcombe8f@amazon.com,10.0,Green
2:34 AM,Timmie,twatkins8g@xrea.com,10.0,Yellow
9:11 AM,Yardley,yboord8h@ucoz.ru,10.0,Green
7:18 PM,Lind,lockland8i@paypal.com,9.0,Green
9:02 PM,Collen,cbauman8j@ning.com,8.0,Green
2:24 AM,Granny,gbromilow8k@bravesites.com,10.0,Green
5:38 AM,Michele,mjuszkiewicz8l@google.co.uk,12.0,Green
10:29 PM,Delmer,daugust8m@webeden.co.uk,11.0,Green
9:48 AM,Vachel,vperotti8n@icio.us,11.0,Orange
3:02 AM,Jamey,jmccaghan8o@businessinsider.com,12.0,Orange
2:53 PM,Leyla,lpeete8p@yolasite.com,12.0,Orange
6:35 PM,Fidelia,fhedworth8q@ehow.com,9.0,Green
7:05 AM,Frannie,fgauthorpp8r@ebay.co.uk,11.0,Orange
3:13 AM,Hilde,hslym8s@gnu.org,8.0,Yellow
2:33 PM,Georgianne,gcarrabott8t@issuu.com,6.0,Orange
9:54 AM,Mattie,mmollitt8u@hexun.com,9.0,Green
12:50 AM,Derrik,dcluckie8v@scribd.com,5.0,Orange
12:03 AM,Lowe,lbaltrushaitis8w@netlog.com,6.0,Yellow
2:19 PM,Priscella,pmatashkin8x@unicef.org,7.0,Orange
10:07 PM,Lennie,lsebring8y@bbb.org,9.0,Orange
9:45 PM,Mia,mvanichkin8z@barnesandnoble.com,8.0,Green
12:57 PM,Ripley,rdaffey90@e-recht24.de,7.0,Green
6:21 AM,Trula,tbruckstein91@bandcamp.com,12.0,Yellow
7:16 AM,Annissa,abarritt92@netvibes.com,7.0,Yellow
7:45 PM,Clint,cwastling93@theatlantic.com,9.0,Yellow
9:39 PM,Hobart,hrenfrew94@opensource.org,8.0,Yellow
10:28 AM,Marnia,mmayoral95@ed.gov,8.0,Yellow
4:10 PM,Gottfried,gdowry96@barnesandnoble.com,7.0,Green
8:08 PM,Matteo,mramos97@networkadvertising.org,7.0,Yellow
2:59 AM,Roxane,rellicott98@odnoklassniki.ru,11.0,Yellow
9:32 PM,Dilly,ddequesne99@umn.edu,9.0,Orange
2:23 AM,Lanie,lmorton9a@cafepress.com,12.0,Yellow
9:40 AM,Delphine,dhadrill9b@addthis.com,5.0,Yellow
2:33 AM,Jamison,jgalletley9c@nydailynews.com,12.0,Green
1:26 AM,Violante,vperle9d@odnoklassniki.ru,7.0,Green
9:11 PM,Danit,dyate9e@tinypic.com,5.0,Yellow
4:52 AM,Madelaine,msouter9f@pen.io,10.0,Green
2:02 PM,Faydra,fmurfin9g@wikipedia.org,8.0,Yellow
11:01 PM,Trisha,tstainsby9h@ezinearticles.com,12.0,Yellow
10:14 AM,Myrna,mseilmann9i@is.gd,6.0,Green
1:23 AM,Hilary,hmacanelley9j@foxnews.com,5.0,Green
12:42 AM,Toiboid,tmcateer9k@hao123.com,12.0,Yellow
8:50 PM,Felike,fjosephs9l@bbc.co.uk,6.0,Green
9:36 PM,Eden,eavramovsky9m@tamu.edu,10.0,Orange
7:37 PM,Ricoriki,rmaslen9n@zdnet.com,12.0,Green
3:19 PM,Paxon,pwarmisham9o@myspace.com,5.0,Green
5:27 PM,Diego,dlilley9p@liveinternet.ru,6.0,Orange
5:08 PM,Abbie,akeggin9q@nyu.edu,8.0,Green
11:34 PM,Tamma,tshea9r@naver.com,5.0,Green
12:00 AM,Viola,vwilstead9s@ebay.co.uk,8.0,Green
3:57 AM,Evania,epurdon9t@chron.com,12.0,Yellow
10:11 AM,Denni,djagoe9u@behance.net,11.0,Green
9:31 PM,Tomasine,tbuckthorpe9v@indiegogo.com,12.0,Green
1:48 PM,Johann,jcullin9w@admin.ch,11.0,Orange
1:11 PM,Benton,bcansdale9x@slideshare.net,7.0,Orange
8:25 PM,Flin,findgs9y@howstuffworks.com,7.0,Green
3:51 PM,Legra,lwittke9z@si.edu,7.0,Orange
4:15 AM,Timmi,tschouta0@cyberchimps.com,10.0,Yellow
8:11 AM,Gunter,gskeata1@dailymotion.com,9.0,Green
10:05 AM,Timoteo,twoodera2@printfriendly.com,6.0,Yellow
7:58 PM,Liv,lcottea3@youku.com,12.0,Yellow
12:58 AM,Bevvy,bgrenvillea4@oracle.com,11.0,Orange
3:29 PM,Kirby,kmacairta5@mit.edu,5.0,Orange
7:05 PM,Bettine,bdroogana6@xrea.com,10.0,Yellow
3:18 PM,Elke,emacya7@guardian.co.uk,7.0,Yellow
5:38 AM,Demott,dbrophya8@oakley.com,10.0,Orange
11:12 AM,Daveen,dgreenmana9@cbsnews.com,9.0,Green
12:54 AM,Osmund,ofleaaa@prweb.com,11.0,Orange
3:05 AM,Willie,wventhamab@pinterest.com,11.0,Green
2:01 AM,Melvyn,mtejadaac@cam.ac.uk,6.0,Orange
6:50 PM,Jody,jrudgead@xrea.com,6.0,Green
11:54 AM,Grata,gchallicumae@reference.com,5.0,Green
10:11 AM,Gabriel,glonglandaf@cloudflare.com,12.0,Green
5:52 AM,Annabella,amegsonag@indiegogo.com,10.0,Yellow
5:25 AM,Isidor,ipittelah@un.org,11.0,Green
9:53 AM,Stoddard,smcerlaineai@amazonaws.com,12.0,Orange
6:42 PM,Price,preapeaj@time.com,6.0,Green
1:45 PM,Eryn,eodneyak@ameblo.jp,6.0,Yellow
8:34 PM,Lurette,ldolmanal@ed.gov,12.0,Yellow
8:26 AM,Philly,pforstam@wikipedia.org,5.0,Green
11:07 AM,Rosa,rtomichan@timesonline.co.uk,5.0,Green
5:31 PM,Dunn,dnoelao@bing.com,11.0,Green
3:20 AM,Rosa,rguarnierap@sphinn.com,6.0,Green
4:50 PM,Roz,reuelsaq@prlog.org,7.0,Orange
1:14 AM,Essie,edurwardar@imageshack.us,8.0,Yellow
10:55 AM,Sharon,sphliponas@lulu.com,7.0,Orange
9:49 PM,Rora,ribbetsonat@ameblo.jp,8.0,Orange
8:36 PM,Brooks,bhopewellau@cdc.gov,11.0,Green
12:05 PM,Desdemona,dhosburnav@vistaprint.com,9.0,Yellow
6:53 AM,Glynnis,gbirdfieldaw@de.vu,11.0,Green
2:05 AM,Bald,bdillwayax@stumbleupon.com,12.0,Green
8:38 AM,Alethea,afickay@pinterest.com,11.0,Green
12:05 AM,Ethelbert,etayspellaz@dailymail.co.uk,9.0,Yellow
8:43 AM,Zsa zsa,zscorahb0@quantcast.com,10.0,Green
11:48 PM,Ora,opavlukb1@nyu.edu,5.0,Green
8:25 PM,Evangeline,egaylardb2@meetup.com,8.0,Green
12:08 PM,Lelah,lolsenb3@feedburner.com,12.0,Green
3:54 PM,Orville,otrenchardb4@typepad.com,11.0,Green
3:06 PM,Pia,pschachb5@yellowpages.com,8.0,Yellow
6:51 AM,Cy,ckynmanb6@skype.com,9.0,Green
11:02 AM,Edsel,eharnesb7@hexun.com,8.0,Yellow
2:22 AM,Ad,ahamperb8@bing.com,8.0,Orange
9:22 AM,Jelene,jmousdallb9@skyrock.com,5.0,Yellow
6:29 AM,Kalle,kbradenba@apache.org,11.0,Yellow
6:12 AM,Harmonia,hharcourtbb@vinaora.com,5.0,Orange
11:50 AM,Sally,sghidottibc@tumblr.com,10.0,Orange
11:28 AM,Rob,rstennerbd@prlog.org,5.0,Orange
6:33 PM,Hephzibah,hgammiebe@typepad.com,8.0,Orange
9:06 AM,Valma,vflavertybf@ted.com,12.0,Orange
7:16 PM,Silvanus,stomowiczbg@noaa.gov,9.0,Yellow
6:25 PM,Gusta,gmilesapbh@webeden.co.uk,8.0,Orange
11:50 PM,Carrol,ccharringtonbi@archive.org,12.0,Yellow
12:22 AM,Rodney,rkingscotebj@walmart.com,5.0,Orange
11:27 AM,Granville,gmacconaghybk@indiatimes.com,5.0,Green
10:40 PM,Julee,jsemoninbl@cam.ac.uk,10.0,Yellow
1:07 PM,Carmelle,cbraunstonbm@newsvine.com,7.0,Green
1:47 AM,Jdavie,jtorresebn@bigcartel.com,7.0,Orange
6:09 PM,Orson,ojerokbo@sakura.ne.jp,10.0,Yellow
12:06 AM,Kathye,kburrbp@netvibes.com,7.0,Orange
3:05 AM,Judi,jcastagneribq@tuttocitta.it,7.0,Yellow
12:13 AM,Fern,fgloybr@cam.ac.uk,8.0,Green
9:06 PM,Debbie,dtrevorrowbs@marketwatch.com,12.0,Yellow
10:29 PM,Phyllis,pspenslybt@yolasite.com,7.0,Yellow
11:31 AM,Elinor,econnahbu@i2i.jp,10.0,Yellow
2:00 PM,Garrard,gdruittbv@ebay.com,11.0,Yellow
3:27 PM,Kyrstin,kkennettbw@nature.com,11.0,Yellow
3:25 PM,Magdalena,msalmondbx@msn.com,9.0,Orange
1:28 AM,Vilma,vruskinby@microsoft.com,10.0,Orange
2:49 PM,Tadeo,tkrochbz@ask.com,12.0,Orange
7:11 PM,Hobart,hpontinc0@bandcamp.com,12.0,Orange
11:25 PM,Elsy,espellissyc1@multiply.com,10.0,Green
12:57 PM,Bink,bflancinbaumc2@discuz.net,9.0,Green
7:07 PM,Abrahan,akiralyc3@webnode.com,5.0,Orange
3:29 PM,Rose,rpenimanc4@reference.com,7.0,Orange
4:35 AM,Mirella,mflahivec5@tuttocitta.it,8.0,Green
7:05 AM,Friederike,fguielc6@artisteer.com,5.0,Yellow
7:31 PM,Gertrude,garonc7@etsy.com,11.0,Green
3:15 PM,Cesare,cdebooc8@php.net,8.0,Green
12:55 AM,Lacey,lpieraccic9@yelp.com,8.0,Yellow
8:35 AM,Pegeen,pgandleyca@theglobeandmail.com,10.0,Yellow
9:39 PM,Chrystal,cpandeycb@wired.com,5.0,Green
4:56 AM,Nicolette,ndallacc@shop-pro.jp,9.0,Yellow
1:36 AM,Mireielle,mcocozzacd@wikia.com,11.0,Orange
11:57 PM,Ellwood,epitkince@mapy.cz,8.0,Orange
10:34 PM,Lorianne,lmillbankcf@histats.com,5.0,Green
4:14 AM,Jacinta,jchazellecg@chronoengine.com,10.0,Green
6:51 AM,Cyrille,cwesselch@nydailynews.com,6.0,Green
2:00 AM,Jere,jballinghallci@epa.gov,8.0,Orange
5:04 AM,Pietra,pberreycj@smugmug.com,9.0,Yellow
5:10 AM,Tilly,tdudeneyck@chronoengine.com,8.0,Green
12:03 AM,Amity,ahussycl@nhs.uk,8.0,Yellow
10:19 PM,Gaylor,gvandrielcm@123-reg.co.uk,9.0,Orange
12:08 PM,Davon,dgrannellcn@webmd.com,5.0,Orange
2:10 AM,Vikki,volerenshawco@usatoday.com,8.0,Green
12:51 AM,Arlee,ablakecp@washingtonpost.com,6.0,Green
9:22 AM,Gabie,gmagnarcq@umich.edu,10.0,Yellow
7:38 PM,My,mfryecr@sfgate.com,8.0,Orange
7:00 AM,Saundra,slabrocs@ftc.gov,9.0,Orange
4:16 AM,Fara,ffluxct@newsvine.com,5.0,Yellow
4:23 PM,Rois,rwynchcu@economist.com,12.0,Green
5:34 AM,Retha,redelheidcv@constantcontact.com,7.0,Orange
8:52 AM,Waldemar,wheakecw@microsoft.com,7.0,Yellow
1:29 PM,Maximilian,mrofecx@ihg.com,10.0,Yellow
3:26 AM,Birdie,bhartigancy@economist.com,11.0,Orange
12:20 AM,Brose,bboolecz@wordpress.com,6.0,Green
1:32 AM,Karoly,kkirwoodd0@eventbrite.com,11.0,Yellow
2:43 AM,Rozelle,reldridd1@about.com,7.0,Orange
1:11 PM,Byram,bnorthgravesd2@chicagotribune.com,6.0,Green
4:13 PM,Celia,cmackerethd3@edublogs.org,7.0,Yellow
5:25 AM,Clo,chammord4@oaic.gov.au,6.0,Green
6:42 PM,Jodie,jgroverd5@csmonitor.com,10.0,Orange
8:10 AM,Ingra,ifauntd6@drupal.org,8.0,Green
10:04 AM,Georges,ghassekld7@loc.gov,7.0,Green
4:31 PM,Durand,dmourantd8@webnode.com,9.0,Green
7:36 AM,Ginnifer,glebbernd9@stanford.edu,5.0,Green
7:50 AM,Quintus,qpruvostda@usa.gov,8.0,Green
5:04 AM,Weber,wfaberdb@ucoz.ru,6.0,Orange
12:26 PM,Stormy,spucknelldc@mail.ru,10.0,Orange
12:13 AM,Malanie,mfernandodd@themeforest.net,7.0,Green
9:47 PM,Tonye,tmelleyde@blogger.com,5.0,Green
1:29 PM,Chiquita,crippingdf@csmonitor.com,8.0,Green
5:10 PM,Benedicta,bseckerdg@cmu.edu,8.0,Yellow
5:40 PM,Lonee,lmacbreartydh@sfgate.com,9.0,Orange
3:36 AM,Loutitia,lverchambredi@cargocollective.com,7.0,Orange
5:06 AM,Rania,rpettitdj@e-recht24.de,7.0,Orange
3:44 AM,Elisabet,ebiasinidk@jimdo.com,10.0,Green
3:12 AM,Courtnay,chavilledl@indiatimes.com,6.0,Orange
6:56 PM,Case,cjarnelldm@ycombinator.com,5.0,Yellow
8:54 AM,Ricoriki,rpelzerdn@accuweather.com,10.0,Green
7:04 PM,Emile,ezimado@buzzfeed.com,7.0,Orange
6:26 PM,Sheri,smuatdp@tinyurl.com,7.0,Green
2:39 PM,Kerianne,kabdondq@cpanel.net,5.0,Yellow
2:32 AM,Jermaine,jyukhnindr@jigsy.com,12.0,Green
12:11 AM,Noreen,nelcockds@1688.com,9.0,Yellow
9:59 AM,Gaspard,gsignorellidt@nbcnews.com,11.0,Green
6:11 AM,Cullen,csugarmandu@creativecommons.org,11.0,Orange
3:36 AM,Matteo,mclemmensdv@pbs.org,6.0,Green
1:35 AM,Jeffry,jconfortdw@smh.com.au,5.0,Green
7:58 AM,Dominique,dtukedx@springer.com,11.0,Yellow
8:29 AM,Meir,mpillingdy@virginia.edu,6.0,Yellow
6:42 PM,Martynne,mfoulghamdz@examiner.com,11.0,Green
11:22 AM,Jarret,jschultheisse0@vkontakte.ru,11.0,Yellow
10:40 AM,Pier,pabbotse1@redcross.org,5.0,Green
12:40 PM,Myrtle,mboothbye2@spiegel.de,9.0,Green
12:52 PM,Rafaelita,rbirkwoode3@yelp.com,10.0,Orange
3:02 AM,Sig,sivense4@bluehost.com,10.0,Yellow
5:09 PM,Vernen,vmoldene5@joomla.org,7.0,Green
6:18 PM,Ursuline,umcteare6@indiegogo.com,8.0,Orange
4:21 PM,Misty,mgedlinge7@ucoz.ru,7.0,Orange
3:44 PM,Andee,agalletleye8@woothemes.com,5.0,Orange
2:53 PM,Giselle,gghirone9@wunderground.com,6.0,Green
3:37 PM,Kasey,kmonksea@sun.com,11.0,Yellow
10:57 PM,Marissa,mraveneb@hc360.com,9.0,Orange
10:31 PM,Robyn,rtennewellec@wordpress.com,9.0,Yellow
12:29 AM,Quinn,qpinfolded@xing.com,5.0,Yellow
2:26 AM,Jude,jfaveryearee@cdbaby.com,6.0,Green
4:26 AM,Sharia,smarsieef@apple.com,7.0,Yellow
4:54 AM,Trixie,tvescovoeg@shutterfly.com,12.0,Orange
10:39 PM,Merilyn,mcastanagaeh@cmu.edu,12.0,Green
11:02 AM,Naoma,nkeepeei@nps.gov,12.0,Yellow
1:24 AM,Farrel,fbrabbsej@google.pl,5.0,Orange
4:56 PM,Kile,knoblettek@parallels.com,11.0,Green
11:39 PM,Codie,cstorerel@fastcompany.com,12.0,Green
9:02 PM,Elayne,ewinderem@chicagotribune.com,9.0,Yellow
12:55 AM,Riane,rslowlyen@virginia.edu,5.0,Green
9:38 PM,Robenia,rdowbereo@bloglovin.com,6.0,Green
6:07 AM,Cass,cdollardep@ask.com,5.0,Orange
3:17 PM,Damaris,dscheueq@topsy.com,11.0,Green
8:17 PM,Atlante,alantuffer@shutterfly.com,8.0,Orange
7:26 PM,Jermaine,jranyes@usnews.com,11.0,Green
2:13 PM,Jasmina,joshesnanet@chronoengine.com,6.0,Green
11:28 AM,Remus,rmccalleu@japanpost.jp,10.0,Yellow
5:42 PM,Erasmus,ejoderev@exblog.jp,10.0,Yellow
5:32 AM,Bondie,bamnerew@bloglines.com,12.0,Orange
7:24 AM,Andros,awallachex@xing.com,5.0,Green
3:42 PM,Violetta,vlavrickey@cyberchimps.com,11.0,Orange
7:08 PM,Benedicta,bcubbinoez@state.tx.us,5.0,Orange
6:55 PM,Nikolos,ntimberlakef0@1und1.de,6.0,Yellow
4:30 AM,Zandra,zsamwellf1@ustream.tv,11.0,Yellow
3:47 AM,Rahel,rlethbridgef2@msn.com,9.0,Green
2:15 AM,Nikaniki,npaleyf3@harvard.edu,8.0,Green
4:13 PM,Rooney,rheinlef4@bloglines.com,7.0,Green
12:21 AM,Corina,cbrosnanf5@redcross.org,7.0,Yellow
11:19 AM,Gena,gbrunottif6@zimbio.com,8.0,Green
3:51 PM,Erich,eschonfelderf7@columbia.edu,8.0,Orange
7:36 PM,Ross,rharryf8@51.la,5.0,Green
8:11 AM,Martelle,mistedf9@storify.com,9.0,Yellow
6:49 AM,Josee,jbradnumfa@huffingtonpost.com,7.0,Yellow
4:12 PM,Gilbert,gdowryfb@parallels.com,12.0,Orange
8:43 AM,Muriel,msunderlandfc@dmoz.org,6.0,Green
9:34 AM,Patsy,punwinfd@miitbeian.gov.cn,8.0,Orange
6:51 PM,Cathy,cbazellfe@wikispaces.com,9.0,Green
1:40 PM,Malissa,membertonff@ucoz.com,12.0,Yellow
12:12 AM,Marijo,mguirardfg@arstechnica.com,6.0,Green
7:34 AM,Rufus,rphipsonfh@simplemachines.org,9.0,Orange
3:47 PM,Forbes,fharradfi@yolasite.com,9.0,Yellow
12:40 AM,Homerus,hanfonsifj@japanpost.jp,12.0,Yellow
6:47 AM,Bria,bmadillfk@canalblog.com,9.0,Yellow
6:45 PM,Chevalier,cfiddlerfl@cbc.ca,10.0,Orange
12:23 AM,Jenica,jsainzfm@unesco.org,11.0,Orange
8:13 PM,Tait,tborkettfn@seesaa.net,6.0,Orange
3:35 AM,Melodie,mfarlamfo@berkeley.edu,7.0,Yellow
9:32 AM,Jermayne,jtellenbachfp@nationalgeographic.com,6.0,Orange
4:23 AM,Krispin,kwoodwingfq@smh.com.au,11.0,Yellow
10:50 AM,Bibi,bmainwaringfr@csmonitor.com,9.0,Green
5:48 AM,Grover,grosendorffs@apple.com,8.0,Orange
11:25 AM,Nero,ncaygillft@amazon.co.uk,11.0,Green
1:42 PM,Sibylle,svarfolomeevfu@infoseek.co.jp,10.0,Green
4:40 PM,Chevalier,cfrugierfv@com.com,5.0,Yellow
2:44 AM,Shaine,sbabbidgefw@cornell.edu,12.0,Yellow
5:30 PM,Sofie,sonolandfx@msu.edu,5.0,Orange
2:52 PM,Micah,mattocfy@xinhuanet.com,11.0,Orange
12:30 PM,Roseanna,rturevillefz@mlb.com,6.0,Green
2:15 PM,Joelie,jbalazsg0@netvibes.com,5.0,Green
11:45 PM,Stuart,ssharpg1@ucsd.edu,5.0,Yellow
3:42 AM,Glyn,gmeneghig2@cnn.com,8.0,Green
6:44 AM,Ferrell,farchg3@cdc.gov,10.0,Orange
7:40 AM,Eolanda,epetraschg4@github.io,6.0,Green
11:24 PM,Theobald,tbeldomg5@phpbb.com,8.0,Green
7:49 AM,Everard,emerkleg6@techcrunch.com,8.0,Orange
5:08 PM,Lory,lleprovestg7@clickbank.net,9.0,Yellow
12:50 AM,Iggy,ilangforthg8@cyberchimps.com,10.0,Yellow
10:58 AM,Ignace,icowardg9@pagesperso-orange.fr,8.0,Orange
1:47 PM,Joycelin,jhutleyga@patch.com,7.0,Orange
2:09 PM,Kasey,kcattongb@admin.ch,5.0,Green
7:56 AM,Catriona,chounsomgc@nbcnews.com,11.0,Yellow
6:28 PM,Dieter,dborresgd@nifty.com,8.0,Green
12:31 PM,Stace,sspaceyge@constantcontact.com,8.0,Green
4:54 AM,Etty,eferrygf@howstuffworks.com,12.0,Orange
3:22 AM,Holt,hmacvicargg@msu.edu,5.0,Green
9:54 PM,Vernice,vhartfleetgh@flickr.com,7.0,Green
5:08 PM,Gene,glunagi@free.fr,9.0,Yellow
6:10 PM,Erminia,ebarthelgj@army.mil,6.0,Green
10:16 AM,Jedd,jhallasgk@loc.gov,5.0,Green
2:06 AM,Hardy,hokinneallygl@java.com,7.0,Yellow
5:05 AM,Hughie,hpeschmanngm@ovh.net,5.0,Orange
2:06 PM,Sibley,socurrangn@github.com,9.0,Green
3:45 AM,Harrison,hcradygo@storify.com,11.0,Green
8:01 AM,Blithe,bjakubovitsgp@tamu.edu,8.0,Orange
6:23 PM,Euell,ewalworchegq@dedecms.com,8.0,Orange
7:50 PM,Ezra,ebindinggr@aol.com,9.0,Green
11:46 AM,Raddy,rmaciejakgs@dot.gov,9.0,Orange
9:16 PM,Godfree,gweedongt@hibu.com,7.0,Green
12:50 PM,Frankie,fmcminngu@geocities.jp,12.0,Yellow
2:37 PM,Kaitlynn,kholsallgv@pcworld.com,11.0,Green
7:42 AM,Carrissa,cbelseygw@google.it,11.0,Yellow
5:55 AM,Carroll,cgawlergx@ehow.com,8.0,Orange
2:14 AM,Jessee,jbartleygy@godaddy.com,8.0,Yellow
3:48 AM,Gladi,gculverhousegz@hud.gov,8.0,Green
6:02 PM,Dedie,ddukesh0@paginegialle.it,6.0,Green
5:50 PM,Shelley,swainh1@eepurl.com,8.0,Green
2:05 PM,Curt,cmcvitieh2@msn.com,7.0,Orange
12:01 PM,Gawen,gowensonh3@merriam-webster.com,9.0,Green
3:22 PM,Jackie,jwildenh4@virginia.edu,10.0,Green
5:27 AM,Nadeen,nrossonih5@facebook.com,6.0,Yellow
5:18 PM,Alethea,ajudeh6@vimeo.com,6.0,Green
9:53 PM,Ethelda,epadgetth7@rambler.ru,9.0,Green
2:09 PM,Giuditta,gkoppsh8@time.com,8.0,Orange
12:25 PM,Joy,jastupenash9@bloglines.com,9.0,Yellow
2:01 AM,Clemmie,cmarhamha@bandcamp.com,12.0,Green
9:04 AM,Crystal,cdackombehb@blogtalkradio.com,11.0,Green
1:15 PM,Halie,hmoberleyhc@simplemachines.org,6.0,Yellow
10:19 AM,Lorenzo,lmuffhd@utexas.edu,11.0,Green
1:10 PM,Wilton,wmcilrathhe@vimeo.com,8.0,Yellow
3:49 PM,Dodie,droanhf@youku.com,10.0,Green
8:58 AM,Maximilianus,mpitherhg@pbs.org,12.0,Green
2:30 AM,Lucia,ldevillehh@narod.ru,9.0,Orange
11:38 AM,Angil,amargetthi@jimdo.com,12.0,Orange
3:48 AM,Tanya,tskedgellhj@paypal.com,10.0,Orange
3:28 PM,Alli,azamudiohk@odnoklassniki.ru,5.0,Green
11:17 PM,Pam,pofergushl@twitpic.com,5.0,Green
11:49 PM,Gibby,gespleyhm@topsy.com,5.0,Green
11:58 AM,Phylys,pfreshwaterhn@vinaora.com,8.0,Orange
8:27 PM,Caron,citzhaiekho@paginegialle.it,9.0,Orange
1:41 AM,Beauregard,bdecristoforohp@accuweather.com,8.0,Yellow
8:55 PM,Elianora,ebidderhq@facebook.com,9.0,Green
7:08 PM,Karmen,kbigadikehr@infoseek.co.jp,9.0,Orange
7:34 AM,Hadleigh,hnielsonhs@webs.com,10.0,Green
5:15 AM,Jard,jcastiglioht@cnn.com,12.0,Green
4:22 AM,Mellie,mgrimestonehu@rediff.com,11.0,Orange
12:40 AM,Erhart,ewilborehv@vinaora.com,8.0,Yellow
9:15 AM,Merrick,mlohanhw@statcounter.com,10.0,Orange
9:18 AM,Joanne,jbartothx@whitehouse.gov,6.0,Yellow
12:04 PM,Florence,fmechellhy@tinypic.com,5.0,Orange
3:42 AM,Cyndia,cchinghz@bloglovin.com,8.0,Green
2:33 PM,Coletta,ceschalettei0@admin.ch,9.0,Orange
5:03 AM,Prent,pdjorvici1@nytimes.com,9.0,Green
11:05 AM,Marge,mmcgilbeni2@constantcontact.com,5.0,Orange
4:09 PM,Hart,hpinneri3@zdnet.com,12.0,Yellow
7:08 AM,Franny,fkuscheki4@odnoklassniki.ru,5.0,Yellow
8:17 PM,Urban,ugranleesei5@elpais.com,5.0,Green
7:36 PM,Ruy,ryegoshini6@privacy.gov.au,10.0,Orange
7:43 AM,Haskel,hbowni7@cdc.gov,7.0,Yellow
10:46 PM,Halie,hhoweli8@amazon.co.uk,11.0,Yellow
2:26 AM,Alvy,ahuni9@statcounter.com,10.0,Yellow
11:19 PM,Gillan,gbonomeia@vinaora.com,10.0,Yellow
4:28 PM,Morty,mmarranib@sourceforge.net,7.0,Green
12:27 AM,Tomi,tdulanyic@psu.edu,11.0,Yellow
2:36 PM,Jakob,jcouroyid@51.la,8.0,Orange
3:27 PM,Stefan,slettsie@senate.gov,12.0,Orange
10:06 PM,Delphinia,dbleibaumif@jigsy.com,10.0,Green
11:38 AM,Barr,bcereceresig@sourceforge.net,7.0,Orange
4:16 AM,Magda,mcellerih@last.fm,5.0,Green
10:16 AM,Rex,rgoringii@bing.com,12.0,Green
2:58 AM,Powell,pchazelleij@paypal.com,9.0,Orange
5:56 PM,Grier,gpfifferik@newyorker.com,7.0,Yellow
6:02 PM,Nanete,nsleepil@archive.org,10.0,Yellow
11:16 PM,Mari,mpolgreenim@ox.ac.uk,11.0,Green
4:15 AM,Darcey,dkleynin@hc360.com,5.0,Green
2:33 PM,Larisa,lhartshorneio@booking.com,12.0,Orange
1:54 PM,Raimundo,rbertomieuip@comsenz.com,11.0,Yellow
12:46 PM,Gussie,gpymariq@spotify.com,8.0,Yellow
12:02 PM,Gilemette,gbodocsir@auda.org.au,8.0,Green
6:35 AM,Jody,jparisis@techcrunch.com,6.0,Yellow
12:33 AM,Junie,jmcbayit@github.com,11.0,Yellow
2:48 PM,Riannon,rlowmassiu@ehow.com,10.0,Green
11:57 AM,Illa,igraylandiv@washingtonpost.com,11.0,Green
11:38 PM,Rafaello,rboordiw@istockphoto.com,5.0,Green
2:38 AM,Freedman,fsawellix@loc.gov,12.0,Orange
5:03 AM,Harrison,hsurgeniy@japanpost.jp,5.0,Green
7:17 AM,Gale,gillingworthiz@eepurl.com,11.0,Yellow
4:33 AM,Rosalynd,rcuelj0@chicagotribune.com,5.0,Orange
12:25 PM,Kit,koakebyj1@ehow.com,9.0,Green
10:29 PM,Veronique,vzorzinj2@comcast.net,10.0,Yellow
9:44 AM,Kiley,kkobierzyckij3@hatena.ne.jp,6.0,Yellow
3:33 PM,Brockie,bmadrej4@123-reg.co.uk,9.0,Yellow
10:57 PM,Luelle,lpapenj5@reverbnation.com,7.0,Orange
11:32 AM,Binni,baultonj6@tinypic.com,7.0,Green
1:51 PM,Robinet,relecumj7@eventbrite.com,8.0,Orange
7:23 AM,Winna,wesomj8@macromedia.com,9.0,Yellow
1:03 PM,Audrie,abrightyj9@kickstarter.com,5.0,Yellow
4:01 PM,Cayla,cmaliffeja@github.com,8.0,Green
6:48 AM,Emmery,ebohikejb@eventbrite.com,12.0,Orange
7:03 AM,Thibaut,tlangridgejc@booking.com,12.0,Orange
12:35 PM,Norbie,ngowjd@cyberchimps.com,7.0,Orange
11:41 AM,Justine,jtaschje@usnews.com,12.0,Green
10:21 AM,George,gtommisjf@surveymonkey.com,7.0,Orange
2:59 PM,Aldus,ahuckerbejg@dailymail.co.uk,10.0,Orange
11:49 AM,Tanner,tdovestonjh@cbsnews.com,9.0,Green
4:40 PM,Ladonna,llycettji@github.io,7.0,Green
4:56 PM,Austen,acapeljj@alibaba.com,11.0,Yellow
4:03 AM,Buiron,bsutcliffjk@goo.gl,6.0,Yellow
5:12 PM,Dyna,djahnckejl@ezinearticles.com,11.0,Green
12:46 PM,Marielle,mglewejm@tmall.com,10.0,Orange
11:19 PM,Carmela,cgudgejn@dell.com,7.0,Yellow
1:57 PM,Ash,ajouljo@bloglines.com,9.0,Green
6:12 PM,Julietta,jmackintoshjp@stumbleupon.com,8.0,Green
6:21 PM,Burnaby,bcreevyjq@about.me,7.0,Orange
2:27 PM,Rowe,rwhitlawjr@who.int,8.0,Green
11:55 AM,Darline,dseedulljs@upenn.edu,12.0,Orange
11:06 AM,Lin,lkarpoljt@ca.gov,9.0,Orange
5:42 PM,Kellia,kakettju@techcrunch.com,7.0,Yellow
3:17 PM,Ardis,abowickjv@patch.com,7.0,Green
11:25 AM,Deanne,dknilljw@nature.com,11.0,Green
2:04 AM,Rodrigo,rcammisjx@twitter.com,5.0,Green
9:46 AM,Nana,ndemongejy@gmpg.org,12.0,Green
12:21 AM,Karoly,kvamplewjz@rediff.com,11.0,Yellow
12:22 AM,Sofia,sbenthamk0@photobucket.com,10.0,Orange
4:56 PM,Devina,daubrayk1@hibu.com,8.0,Orange
5:23 AM,Brade,bsemkenk2@cloudflare.com,8.0,Orange
11:20 PM,Andi,aamdohrk3@list-manage.com,8.0,Yellow
10:28 PM,Sutton,spendallk4@house.gov,9.0,Green
8:15 AM,Kaitlin,kkunzelmannk5@skype.com,7.0,Yellow
6:55 PM,Marci,mridek6@ustream.tv,7.0,Yellow
11:37 PM,Hanson,hsowrayk7@wp.com,5.0,Orange
2:52 PM,Shawna,skilloughk8@livejournal.com,5.0,Yellow
9:07 PM,Chaddie,cdawkinsk9@newyorker.com,12.0,Yellow
11:16 AM,Bastian,bmcbradyka@lulu.com,8.0,Green
4:01 AM,Lorry,ltoffelkb@bing.com,7.0,Green
7:24 PM,Carina,cazamkc@shareasale.com,6.0,Orange
5:39 PM,Burt,bedlinkd@weibo.com,9.0,Green
9:59 PM,Johnathon,jwolfitke@google.com.br,9.0,Orange
11:45 PM,Waiter,wcondykf@photobucket.com,8.0,Orange
12:54 PM,Boigie,bcracoekg@psu.edu,10.0,Yellow
2:45 AM,Odette,ohulkkh@sphinn.com,5.0,Green
11:21 AM,Gilles,gkempsterki@dropbox.com,6.0,Yellow
9:30 PM,Roz,rtomankj@digg.com,5.0,Green
5:09 AM,Joscelin,jcoetzeekk@sfgate.com,9.0,Green
12:42 AM,Hedwig,hjosefsenkl@yolasite.com,10.0,Yellow
1:19 AM,Ewan,ecuttingskm@cargocollective.com,10.0,Orange
7:19 PM,Bernie,boriordankn@cmu.edu,8.0,Orange
9:57 AM,Irma,ifryko@twitpic.com,11.0,Yellow
12:29 AM,Roddy,rgadsbykp@gravatar.com,10.0,Yellow
3:42 PM,Marthena,mvockinskq@auda.org.au,10.0,Orange
12:15 AM,Robinet,rmallankr@foxnews.com,9.0,Yellow
9:46 PM,Brocky,bmuskerks@discuz.net,6.0,Orange
5:47 AM,Rutter,rshinekt@edublogs.org,6.0,Green
9:42 PM,Janelle,jmotionku@imdb.com,6.0,Green
10:54 PM,Amelita,alardeurkv@meetup.com,11.0,Green
5:52 AM,Stephanie,sharbisonkw@dell.com,5.0,Orange
10:41 PM,Aurilia,afanningkx@infoseek.co.jp,8.0,Green
5:42 PM,Anallise,acaigerky@webmd.com,8.0,Yellow
9:59 AM,Ianthe,irisbykz@webnode.com,12.0,Orange
9:26 PM,Pincus,piansonl0@google.com,7.0,Yellow
5:18 AM,Tomaso,tbocockl1@tamu.edu,11.0,Green
5:10 PM,Winonah,wpantridgel2@marriott.com,9.0,Green
4:17 AM,Elisabeth,ebenziel3@g.co,5.0,Orange
10:15 AM,Cleopatra,cbaukhaml4@amazon.co.uk,7.0,Orange
11:12 PM,Toinette,tdomml5@google.co.jp,5.0,Green
2:04 PM,Xena,xpossel6@w3.org,10.0,Yellow
2:15 AM,Conrad,cmccomishl7@google.nl,11.0,Green
8:08 PM,Byrom,brubinchikl8@123-reg.co.uk,8.0,Yellow
6:44 AM,Issiah,itabbittl9@gmpg.org,7.0,Yellow
2:25 PM,Emeline,eplitzla@blogspot.com,10.0,Orange
5:12 PM,Ajay,amaceurlb@mayoclinic.com,5.0,Yellow
7:28 AM,Launce,lhackleylc@princeton.edu,5.0,Green
8:16 PM,Gabriello,gdulsonld@csmonitor.com,9.0,Green
9:49 PM,Buiron,boliverasle@de.vu,5.0,Yellow
6:03 PM,Clifford,cgalwaylf@hugedomains.com,7.0,Green
5:31 PM,Tori,ttweddlelg@zdnet.com,5.0,Orange
1:54 PM,Donetta,ddotlh@samsung.com,8.0,Orange
4:46 AM,Kylie,kpeterli@reddit.com,6.0,Orange
11:55 AM,Blanch,bphairlj@shop-pro.jp,5.0,Green
1:28 AM,Cherye,croukelk@yolasite.com,11.0,Orange
2:29 AM,Chery,crimmerll@mediafire.com,8.0,Orange
6:46 PM,Quillan,qkohenlm@ucoz.ru,8.0,Orange
4:03 AM,Morissa,mbadenln@illinois.edu,11.0,Yellow
10:38 AM,Neddy,nmundlelo@about.com,12.0,Green
4:44 PM,Tilly,ttomischlp@pcworld.com,6.0,Yellow
9:58 AM,Yule,yabramskylq@macromedia.com,10.0,Yellow
12:41 AM,Katti,kmobleylr@yahoo.co.jp,10.0,Green
9:42 PM,Dee dee,dbembriggls@hhs.gov,6.0,Yellow
10:10 PM,Perceval,pperllmanlt@people.com.cn,5.0,Green
10:27 AM,Veronique,vmcconwaylu@sphinn.com,8.0,Yellow
6:17 PM,Delphinia,dtrinkelv@state.gov,12.0,Green
11:41 PM,Jake,jfeelw@youtube.com,6.0,Orange
5:59 PM,Lyle,lgosdinlx@webeden.co.uk,11.0,Green
1:59 AM,Basia,bmackleyly@clickbank.net,6.0,Orange
11:01 PM,Margi,myelloplz@quantcast.com,5.0,Orange
5:39 PM,Marna,mdeatonm0@canalblog.com,8.0,Green
4:59 PM,Adi,anutbrownm1@ameblo.jp,6.0,Orange
7:17 PM,Slade,ssamsworthm2@pbs.org,12.0,Green
4:48 PM,Babita,bstaleym3@whitehouse.gov,11.0,Green
4:14 PM,Brewer,bscarboroughm4@histats.com,11.0,Green
1:35 AM,Catherin,cshaylerm5@imgur.com,7.0,Yellow
5:18 PM,Bradly,bgladdingm6@networkadvertising.org,7.0,Green
2:12 AM,Anette,acarpmilem7@multiply.com,7.0,Green
7:17 AM,Osmond,obrowettm8@creativecommons.org,11.0,Yellow
4:33 AM,Greer,gkullm9@vinaora.com,6.0,Orange
1:14 PM,Whitman,wmeusema@soundcloud.com,12.0,Orange
3:00 AM,Jen,jdedammb@eventbrite.com,11.0,Yellow
10:33 PM,Silva,scarvermc@cdc.gov,9.0,Green
1:03 PM,Hedwig,hgiraudatmd@plala.or.jp,5.0,Green
11:40 PM,Toni,tswedeme@economist.com,12.0,Orange
2:06 AM,Shurlock,spuddephattmf@independent.co.uk,7.0,Green
5:59 PM,Susannah,ssteinermg@php.net,11.0,Orange
3:53 AM,Sayres,sminthorpemh@pbs.org,6.0,Orange
11:29 AM,Dunstan,dboumphreymi@paypal.com,10.0,Orange
5:40 PM,Cleo,cattenborrowmj@geocities.jp,12.0,Green
11:18 AM,Aurthur,ahulmesmk@bbb.org,12.0,Green
9:00 PM,Victoir,vnealeml@ebay.com,6.0,Orange
5:03 AM,Ondrea,orieplmm@dedecms.com,10.0,Yellow
6:44 PM,Charleen,csawreymn@reverbnation.com,8.0,Green
2:10 PM,Rossy,rlowermo@infoseek.co.jp,11.0,Orange
9:50 AM,Elana,emacgounmp@cbc.ca,11.0,Yellow
8:40 AM,Barton,bswinemq@cornell.edu,8.0,Yellow
5:02 AM,Bron,belesmr@miibeian.gov.cn,11.0,Green
11:51 PM,Sidnee,sovisems@dagondesign.com,6.0,Orange
3:09 PM,Melody,mcamellimt@i2i.jp,11.0,Yellow
11:20 PM,Napoleon,nbillionmu@g.co,10.0,Green
3:24 AM,Nial,ngosalvezmv@free.fr,8.0,Green
5:24 AM,Robyn,rziehmmw@bizjournals.com,6.0,Yellow
6:49 PM,Beckie,bsaldlermx@plala.or.jp,7.0,Green
9:49 PM,Bennie,bwestmancoatmy@howstuffworks.com,10.0,Yellow
11:37 PM,Jeff,jmurtellmz@jimdo.com,8.0,Green
1:49 PM,Gradeigh,ggirardetn0@weather.com,12.0,Orange
4:05 AM,Randal,rpendryn1@wiley.com,9.0,Green
3:41 AM,Mohammed,mdartnalln2@goo.ne.jp,8.0,Orange
8:12 AM,Sharyl,spreistn3@nba.com,7.0,Green
8:00 AM,Gerard,ggregrn4@wisc.edu,8.0,Yellow
5:41 PM,Shayne,slawrinsonn5@plala.or.jp,11.0,Green
10:12 AM,Brianne,btansleyn6@intel.com,6.0,Green
3:40 PM,Ashlin,acapellen7@army.mil,10.0,Orange
12:17 AM,Jannel,jmatysn8@surveymonkey.com,10.0,Green
8:46 AM,Etta,eumneyn9@mit.edu,11.0,Green
5:20 PM,Saxe,selhamna@networkadvertising.org,9.0,Yellow
4:01 AM,Ethan,ematysnb@blogs.com,10.0,Yellow
6:26 PM,Marlena,melphinstonenc@newyorker.com,10.0,Orange
6:40 AM,Reece,remanuelend@auda.org.au,7.0,Green
6:03 PM,Teresina,tcossamne@icio.us,8.0,Green
4:16 AM,Maggie,mvicareynf@ameblo.jp,11.0,Yellow
9:36 AM,Ruttger,rdavidekng@seesaa.net,6.0,Yellow
10:19 AM,Jodie,jpenwellnh@sciencedaily.com,9.0,Green
8:02 PM,Dominik,dbalstonni@etsy.com,8.0,Yellow
11:41 AM,Duky,dscullynj@mozilla.org,10.0,Yellow
1:57 AM,Terry,tfarthinnk@addthis.com,12.0,Yellow
9:19 PM,Janenna,jrawsthornenl@alexa.com,11.0,Yellow
9:06 PM,Ryann,rhedleynm@cloudflare.com,12.0,Green
9:53 AM,Trueman,tpeasnonenn@amazonaws.com,5.0,Green
6:33 PM,Odey,opaikno@sfgate.com,11.0,Orange
12:29 AM,Betti,bjuliffnp@delicious.com,7.0,Orange
10:56 PM,Mireielle,msoapernq@smh.com.au,8.0,Yellow
9:24 PM,Egan,ewillattsnr@paypal.com,7.0,Yellow
5:35 AM,Darelle,dbeersns@baidu.com,10.0,Green
12:29 PM,Sal,saddisnt@vimeo.com,5.0,Yellow
1:57 PM,Stephani,sveillardnu@alibaba.com,10.0,Orange
10:12 PM,Addy,ahaldenenv@skype.com,12.0,Orange
11:43 AM,Maryjo,mkitenw@nature.com,11.0,Yellow
3:56 PM,Phil,pcoggannx@hibu.com,6.0,Green
3:01 PM,Clareta,csavouryny@ucsd.edu,8.0,Green
8:38 AM,Hurley,hhaggisnz@tumblr.com,12.0,Orange
2:50 AM,Fairleigh,fjadoso0@earthlink.net,7.0,Yellow
12:18 PM,Dari,dtilstono1@tmall.com,9.0,Green
10:59 PM,Livy,lbrummello2@ovh.net,10.0,Yellow
10:15 AM,Hagen,hsweedo3@google.de,11.0,Yellow
9:53 PM,Avram,aibbso4@printfriendly.com,5.0,Yellow
5:35 AM,Vasily,vsambidgeo5@netvibes.com,5.0,Orange
1:31 PM,Rozella,rfaulknero6@creativecommons.org,7.0,Yellow
10:56 AM,Gayelord,gthono7@twitpic.com,11.0,Yellow
3:48 PM,Karna,kgreaveso8@spotify.com,12.0,Green
3:14 PM,Osbourn,ojestyo9@delicious.com,12.0,Yellow
12:28 AM,Charita,chesseoa@dedecms.com,6.0,Yellow
3:23 AM,Linell,lfouldob@cnbc.com,12.0,Yellow
7:22 PM,Cristiano,cschlagmanoc@thetimes.co.uk,7.0,Orange
8:25 PM,Gail,gwickwarthod@woothemes.com,9.0,Green
11:28 AM,Florry,fivashkovoe@exblog.jp,11.0,Orange
6:45 AM,Tye,tbrightlingof@people.com.cn,7.0,Orange
11:46 PM,Daphene,dgurlingog@icio.us,6.0,Green
3:05 AM,Galven,gphilotoh@admin.ch,10.0,Green
6:46 AM,Janie,jebbensoi@elegantthemes.com,10.0,Green
1:09 AM,Gris,ggillogleyoj@amazonaws.com,12.0,Orange
2:27 AM,Ben,bhelderok@pen.io,8.0,Orange
11:49 AM,Idell,igartonol@techcrunch.com,6.0,Orange
8:34 AM,Tildie,triseamom@globo.com,10.0,Green
8:07 PM,Brooks,bspraggon@123-reg.co.uk,7.0,Orange
11:24 AM,Elmore,eolyffoo@opera.com,9.0,Orange
12:19 PM,Marillin,mridulfoop@google.com.hk,11.0,Green
5:28 AM,Lesly,lsoggeeoq@webmd.com,9.0,Yellow
8:37 AM,Hughie,hweardenor@buzzfeed.com,10.0,Orange
10:04 AM,Zebadiah,zstuttardos@github.io,9.0,Green
9:42 PM,Jacqueline,jkeppot@umn.edu,8.0,Orange
4:18 PM,Nichols,ntraiceou@t-online.de,11.0,Green
6:35 AM,Laryssa,lrawesov@moonfruit.com,7.0,Green
4:57 PM,Maryanna,mdeeproseow@forbes.com,12.0,Yellow
10:24 AM,Nady,nklugerox@latimes.com,9.0,Yellow
3:29 PM,Elli,erostenoy@boston.com,7.0,Green
10:05 PM,Antonin,abramstomoz@i2i.jp,6.0,Orange
1:10 PM,Ronna,rlettsonp0@nyu.edu,6.0,Yellow
9:37 AM,Gustav,gkeastp1@addthis.com,11.0,Yellow
8:55 AM,Charmane,cwheelanp2@etsy.com,8.0,Orange
1:50 PM,Osbourne,ofrayp3@taobao.com,11.0,Green
11:19 AM,Peta,preep4@answers.com,9.0,Orange
5:03 AM,Ranee,rnoddlep5@hud.gov,7.0,Yellow
11:06 PM,Farrell,fmapledorump6@wp.com,9.0,Yellow
4:16 AM,Kirby,kmahareyp7@nsw.gov.au,9.0,Orange
11:31 PM,Marietta,mbevillep8@woothemes.com,9.0,Green
1:03 PM,Gerardo,gmiettinenp9@businessinsider.com,7.0,Orange
10:36 PM,Ranna,rstentonpa@geocities.jp,5.0,Orange
5:47 PM,Zea,zshawleypb@google.co.jp,12.0,Green
2:19 AM,Cathy,cbradleypc@webs.com,10.0,Green
3:08 PM,Holli,hshreenanpd@tmall.com,11.0,Yellow
9:32 AM,Niall,nwinespe@1und1.de,5.0,Orange
5:02 PM,Olympia,obuffeypf@examiner.com,11.0,Green
8:00 AM,Bernie,bantonignettipg@irs.gov,9.0,Yellow
7:23 PM,Allan,atomsph@wikispaces.com,6.0,Yellow
9:03 PM,Nerissa,ndurnfordpi@google.co.jp,9.0,Green
11:18 AM,Leah,lvautreypj@forbes.com,7.0,Orange
8:28 PM,Eberto,elyddonpk@bloomberg.com,7.0,Orange
1:52 AM,Raphael,rjankowskipl@weebly.com,5.0,Yellow
7:59 AM,Cob,cpretoriuspm@51.la,7.0,Orange
12:01 PM,Ursola,ubordonepn@pbs.org,10.0,Yellow
12:06 AM,Meyer,mbootypo@google.com.au,9.0,Yellow
3:04 PM,Manuel,mbonsonpp@archive.org,6.0,Yellow
8:14 AM,Sonni,sferripq@networksolutions.com,10.0,Green
7:36 PM,Yvor,ysoffpr@epa.gov,12.0,Orange
8:32 AM,Drucie,dwingattps@xing.com,11.0,Orange
7:19 AM,Clarey,cadesspt@techcrunch.com,9.0,Yellow
4:26 PM,Emylee,eaddionisiopu@amazon.de,10.0,Green
10:41 PM,Ramsey,rganderpv@goo.ne.jp,9.0,Orange
12:45 AM,Gallagher,gdartanpw@apache.org,5.0,Orange
9:16 PM,Winslow,wfontepx@sourceforge.net,10.0,Orange
11:16 PM,Vernon,vfautlypy@friendfeed.com,6.0,Orange
8:18 AM,Gunter,gashallpz@myspace.com,10.0,Yellow
12:52 AM,Coralie,cdelacrouxq0@networkadvertising.org,12.0,Green
4:38 AM,Berke,bromainq1@tripod.com,10.0,Green
4:41 AM,April,ainchleyq2@sfgate.com,10.0,Green
9:39 PM,Harbert,hrossbrookq3@flickr.com,7.0,Orange
1:05 AM,Yvonne,ydevitaq4@sitemeter.com,9.0,Yellow
1:42 PM,Hildegarde,hdudlistonq5@merriam-webster.com,11.0,Yellow
2:05 PM,Dunc,dbrownhallq6@salon.com,5.0,Yellow
3:45 PM,Davey,dkorbmakerq7@simplemachines.org,6.0,Green
12:23 PM,Halli,hmacfaulq8@g.co,12.0,Orange
12:04 AM,Tiebout,tbiltonq9@drupal.org,7.0,Orange
11:41 AM,Rafaellle,rwibberleyqa@apple.com,7.0,Yellow
9:20 AM,Libbi,llethebridgeqb@abc.net.au,8.0,Yellow
7:40 AM,Georas,gdunniomqc@foxnews.com,8.0,Orange
9:59 PM,Kenna,ksteggalsqd@sun.com,12.0,Green
12:19 PM,Theo,tlapennaqe@earthlink.net,10.0,Orange
4:01 AM,Livvie,lrunnallsqf@i2i.jp,6.0,Orange
11:27 AM,Boniface,bmccoughanqg@tripod.com,11.0,Orange
2:50 AM,Gertruda,gfinneranqh@amazon.de,11.0,Green
6:06 AM,Bette-ann,bsheaberqi@hexun.com,6.0,Green
4:42 AM,Milena,msherrattqj@vistaprint.com,5.0,Yellow
6:48 PM,Jase,jdorkingqk@about.com,11.0,Orange
9:17 AM,Jsandye,jfrancaisql@webnode.com,12.0,Green
7:39 AM,Brooks,bsutherbyqm@ifeng.com,7.0,Orange
5:44 AM,Judie,jbrunkerqn@theatlantic.com,12.0,Orange
11:13 AM,Artemus,asussexqo@lulu.com,11.0,Orange
3:52 PM,Silva,sjenkynqp@cnet.com,7.0,Yellow
10:41 AM,Ardella,aforseyqq@disqus.com,12.0,Green
1:25 AM,Vina,vvotierqr@de.vu,8.0,Yellow
5:34 PM,Rudy,rmccorryqs@ucsd.edu,7.0,Orange
1:05 AM,Lucio,lphilippouqt@ycombinator.com,6.0,Yellow
1:10 AM,Sonni,scourtesequ@topsy.com,12.0,Orange
7:05 AM,Nydia,nadamowitzqv@google.com.br,5.0,Orange
11:17 PM,Rafaelita,rfretwellqw@symantec.com,11.0,Orange
12:47 AM,Langston,lolneyqx@livejournal.com,8.0,Green
4:11 AM,Eilis,ebarrowcliffeqy@about.me,11.0,Green
7:50 AM,Isidore,ipedwellqz@sitemeter.com,12.0,Green
5:53 PM,Lawrence,lwatmorer0@joomla.org,7.0,Yellow
8:39 PM,Gregorius,glehrmannr1@google.fr,8.0,Yellow
12:57 AM,Annabel,amcgeadyr2@usgs.gov,5.0,Green
7:07 AM,Adelina,agauntleyr3@taobao.com,6.0,Orange
5:36 AM,Innis,ihalletr4@privacy.gov.au,6.0,Orange
7:57 PM,Winn,wtrimmer5@narod.ru,7.0,Yellow
11:20 AM,Audi,aditchburnr6@google.ru,12.0,Orange
10:27 AM,Lark,lwroughtr7@wikipedia.org,11.0,Green
5:55 AM,Clarke,cdalessandror8@shareasale.com,10.0,Green
2:50 AM,Padraig,pashingdenr9@sohu.com,10.0,Orange
4:49 AM,Kelbee,knellra@stumbleupon.com,5.0,Yellow
6:45 AM,Annecorinne,aklimushevrb@homestead.com,9.0,Green
5:46 PM,Jaclin,jhumphriesrc@jimdo.com,8.0,Orange
1:17 PM,Lionello,lallardycerd@bloglines.com,6.0,Orange
2:29 PM,Corrina,claimablere@canalblog.com,7.0,Green
4:01 AM,Jenna,jberfordrf@adobe.com,10.0,Green
4:59 PM,Irita,icotmanrg@skype.com,6.0,Green
9:42 AM,Melisandra,mairetonrh@discuz.net,6.0,Yellow
2:44 AM,Clevey,ccoieri@nifty.com,9.0,Orange
5:20 AM,Bendix,btaskerrj@typepad.com,12.0,Orange
9:17 AM,Babbie,bleyzellrk@e-recht24.de,9.0,Green
3:50 AM,Jayson,jrobkerl@wp.com,5.0,Orange
8:18 AM,Ravid,rbrannirm@so-net.ne.jp,7.0,Yellow
9:31 PM,Corena,ctrusdalern@businessinsider.com,8.0,Yellow
5:57 PM,Gottfried,gmallallro@google.fr,9.0,Orange
1:33 PM,Bogey,bcourtoisrp@php.net,5.0,Green
7:02 PM,Ethe,eblakistonrq@va.gov,8.0,Green
3:03 AM,Mercedes,mtarbertrr@tripod.com,12.0,Orange
